Designator,Mid X,Mid Y,Rotation,Layer
BT1,124.273174,-116.094374,45.0,top
D1,132.2832,-113.792,0.0,top
Q2,134.9864,-107.7408,0.0,top
R1,137.8204,-113.7412,270.0,top
R2,131.7244,-117.6914,270.0,top
R3,135.0,-117.7036,90.0,top
SW1,124.6556,-108.5956,270.0,top
U1,130.1,-91.55,0.0,top
U2,149.4028,-91.5035,0.0,top
U3,149.6568,-111.8362,90.0,top
