Designator,Mid X,Mid Y,Rotation,Layer
BT1,124.273174,-116.094374,45.0,top
D1,130.704839,-112.520491,0.0,top
J1,132.317968,-118.5,0.0,top
Q2,134.823737,-107.182873,0.0,top
R1,135.605589,-112.984858,270.0,top
R2,138.700547,-117.622954,270.0,top
R3,138.051739,-112.981752,270.0,top
SW1,124.6556,-108.5956,270.0,top
U1,130.1,-91.55,0.0,top
U2,149.4028,-91.5035,0.0,top
U3,149.6568,-111.8362,90.0,top
